{
  "project_info": {
    "project_number": "858241044245",
    "firebase_url": "https://llamadas2-42ff8.firebaseio.com",
    "project_id": "llamadas2-42ff8",
    "storage_bucket": "llamadas2-42ff8.appspot.com"
  },
  "client": [
    {
      "client_info": {
        "mobilesdk_app_id": "1:858241044245:android:14e5deea685f96ec",
        "android_client_info": {
          "package_name": "mx.edu.ittepic.tam_provedorllamadas_vicentemz"
        }
      },
      "oauth_client": [
        {
          "client_id": "858241044245-po29c3hhcha7291ndijpgvhll7fbh1v7.apps.googleusercontent.com",
          "client_type": 3
        },
        {
          "client_id": "858241044245-po29c3hhcha7291ndijpgvhll7fbh1v7.apps.googleusercontent.com",
          "client_type": 3
        }
      ],
      "api_key": [
        {
          "current_key": "AIzaSyA87vozyHp1Cy7RftqnzRkUljll6j-Er6g"
        }
      ],
      "services": {
        "analytics_service": {
          "status": 1
        },
        "appinvite_service": {
          "status": 1,
          "other_platform_oauth_client": []
        },
        "ads_service": {
          "status": 2
        }
      }
    }
  ],
  "configuration_version": "1"
}