{
  "project_info": {
    "project_number": "320638954603",
    "firebase_url": "https://newproyecto-2d966.firebaseio.com",
    "project_id": "newproyecto-2d966",
    "storage_bucket": "newproyecto-2d966.appspot.com"
  },
  "client": [
    {
      "client_info": {
        "mobilesdk_app_id": "1:320638954603:android:b2c70f4ce983764b",
        "android_client_info": {
          "package_name": "mx.edu.ittepic.tam_testfirebase"
        }
      },
      "oauth_client": [
        {
          "client_id": "320638954603-jsr4h3e83g1e2pu0iblf1rgfslb38tq1.apps.googleusercontent.com",
          "client_type": 3
        }
      ],
      "api_key": [
        {
          "current_key": "AIzaSyAN2nQVL5a-wWUGnqBtV79WKxUs7bMXKnI"
        }
      ],
      "services": {
        "analytics_service": {
          "status": 1
        },
        "appinvite_service": {
          "status": 1,
          "other_platform_oauth_client": []
        },
        "ads_service": {
          "status": 2
        }
      }
    }
  ],
  "configuration_version": "1"
}